title,link,snippet,position,rating,ratingCount
Duolingo: Belajar Bahasa - Aplikasi di Google Play,https://play.google.com/store/apps/details?id=com.duolingo&hl=id,"Duolingo adalah aplikasi gratis dan seru untuk mempelajari lebih dari 40 bahasa melalui pelajaran-pelajaran cepat dan kecil. Latih kemampuan berbicara, membaca ...",1,4.6,40787632
10 Aplikasi Smartphone Terbaik untuk Belajar Bahasa ...,https://lac.telkomuniversity.ac.id/10-aplikasi-smartphone-terbaik-untuk-belajar-bahasa-inggris/,Duolingo adalah salah satu aplikasi pembelajaran bahasa yang paling populer dan diakui secara global. Aplikasi ini menyediakan pembelajaran ...,2,,
"6 Rekomendasi Aplikasi Belajar Bahasa Asing, Gratis!",https://jete.id/rekomendasi-aplikasi-belajar-bahasa-asing/,"6 Rekomendasi Aplikasi Belajar Bahasa Asing, Gratis! Â· 1. Duolingo Â· 2. Busuu Â· 3. Memrise Â· 4. Babble Â· 5. HiNative Â· 6. Mondly. Penutup ...",3,,
Memrise: Bicara bahasa baru - Aplikasi di Google Play,https://play.google.com/store/apps/details?id=com.memrise.android.memrisecompanion&hl=id,"Selain bantu kamu belajar, Memrise juga memanfaatkan AI nan canggih untuk membuat sekumpulan pengalaman latihan pakai bahasa yang bakal membuatmu beralih dari ...",4,4.5,1571761
Duolingo - Cara belajar terpopuler di dunia,https://id.duolingo.com/,"Dari bahasa ke literasi! Dengan pelajaran fonik dan cerita-cerita yang menyenangkan, Duolingo ABC membantu anak usia 3-8 tahun untuk belajar membaca dan menulis ...",5,,
10 Aplikasi Belajar Bahasa Asing Praktis dan Mudah,https://www.pricebook.co.id/article/game_apps/10493/aplikasi-belajar-bahasa-asing,Aplikasi Belajar Bahasa Asing Terbaik Â· 1. Duolingo Â· 2. Mondly Â· 3. LingoDeer Â· 4. Busuu Â· 5. Rosetta Stone Â· 6. Drops Â· 7. Beelinguapp Â· 8.,6,,
10 Aplikasi Belajar Bahasa Asing Terbaik yang Interaktif,https://www.idntimes.com/tech/trend/aplikasi-belajar-bahasa-asing-go25q3-00-v8jyb-z9sdgk,10 Aplikasi Belajar Bahasa Asing Terbaik yang Interaktif Â· 1. Memrise Â· 2. HelloTalk Â· 3. Beelinguapp Â· 4. Busuu Â· 5. Rosetta Stone Â· 6.,7,,
Duolingo - Belajar Bahasa - App Store - Apple,https://apps.apple.com/id/app/duolingo-belajar-bahasa/id570060128?l=id,Belajar bahasa baru bersama aplikasi pendidikan yang paling banyak diunduh di dunia! Duolingo adalah aplikasi gratis dan seru untuk mempelajari lebih dari ...,8,4.9,88405
Cakap: Aplikasi Belajar Bahasa Asing & Kursus Online ...,https://cakap.com/,Cakap adalah pelopor aplikasi belajar bahasa asing dengan pembelajaran bahasa Inggris secara online dan institusi pembelajaran bahasa Mandarin secara daring ( ...,9,,
16 Aplikasi Terbaik untuk Belajar Bahasa Inggris bagi ...,https://dealls.com/pengembangan-karir/aplikasi-belajar-bahasa-inggris,16 Aplikasi Terbaik untuk Belajar Bahasa Inggris bagi Pemula Â· 1. Duolingo Â· 2. Babbel Â· 3. Memrise Â· 4. Rosetta Stone Â· 5. Busuu Â· 6. HelloTalk.,10,,
10 Aplikasi Belajar Bahasa Inggris Gratis yang Wajib Dicoba!,https://sparks-edu.com/blog/tips/aplikasi-belajar-bahasa-inggris-gratis/,10 Aplikasi Belajar Bahasa Inggris Gratis Â· 1. Duolingo Â· 2. Hellotalk Â· 3. ChatGPT Â· 4. Discord Â· 5. Grammarly Â· 6. Cake Â· 7. BBC Learning ...,1,,
Rekomendasi Aplikasi Belajar Bahasa Inggris Hingga ...,https://eraspace.com/artikel/post/rekomendasi-aplikasi-belajar-bahasa-inggris-hingga-spanyol,"Duolingo adalah aplikasi belajar bahasa yang kini populer di kalangan pelajar di seluruh dunia. Dengan lebih dari 40 bahasa yang tersedia, mulai ...",2,,
Top 10 Aplikasi Bahasa Inggris Gratis Terbaik 2025!,https://www.youtube.com/watch?v=_N45P-s4HS8,Aplikasi yang dibahas: 00:53 Kenapa belajar bahasa Inggris lewat aplikasi? 01:31 Duolingo 02:21 ELSA Speak 03:28 Cake 04:25 Hello English ...,3,,
2 Aplikasi Terbaik untuk Belajar Bahasa Asing,https://pbi.ftk.uin-alauddin.ac.id/berita-17341-2-aplikasi-terbaik-untuk-belajar-bahasa-asing,"Dengan belajar melalui Duolingo, kamu akan belajar tentang kosa kata, frasa, tata bahasa, ejaan sampai percakapan dalam bentuk bahasa Inggris.",4,,
"5 Rekomendasi Aplikasi Belajar Bahasa Asing Gratis, Bisa ...",https://www.cnnindonesia.com/edukasi/20250619170105-561-1241600/5-rekomendasi-aplikasi-belajar-bahasa-asing-gratis-bisa-sambil-main,"5 Rekomendasi Aplikasi Belajar Bahasa Asing Gratis, Bisa Sambil Main Â· 1. Duolingo Â· 2. Memrise Â· 3. Busuu Â· 4. Drops Â· 5. Grammarly. Jakarta, ...",5,,
Cake - Belajar Bahasa Asing - Aplikasi di Google Play,https://play.google.com/store/apps/details?id=me.mycake&hl=id,"Cake akan membantu meningkatkan kemampuan berbicara anda. - Tonton video dengan subtitle, dan ulangi setelah setiap baris. - Pengucapan anda akan diperiksa oleh ...",6,4.7,1219538
10 Rekomendasi Aplikasi Belajar Bahasa Asing Gratis ...,https://www.sampoernaacademy.sch.id/id/news/10-rekomendasi-aplikasi-belajar-bahasa-asing-gratis-untuk-anak,Aplikasi Belajar Bahasa Asing untuk Anak Â· 1. Duolingo Â· 2. Memrise Â· 3. Mondly Â· 4. LingoJunior Â· 5. Drops Â· 6. Stories by Gus on The Go Â· 7.,7,,
10 Aplikasi Pembelajaran Bahasa Terbaik,https://translate.google.com/translate?u=https://thecampusreview.com/blog/best-language-learning-apps/&hl=id&sl=en&tl=id&client=srp,"1. Duolingo ; Tahun Peluncuran, Markas besar, Peringkat Aplikasi ; tahun 2011, Pittsburgh, Pennsylvania, Amerika Serikat, 4,7 bintang di iOS dan 4,1 bintang di ...Ready to learn a new language? Explore our guide to the best language learning apps & start speaking with confidence today, absolutely FREE!",8,,
10 Aplikasi Belajar Bahasa Inggris Terbaik 2022 ...,https://glints.com/id/lowongan/aplikasi-belajar-bahasa-inggris/,Aplikasi Belajar Bahasa Inggris Â· 1. Duolingo Â· 2. Babbel Â· 3. Beelinguapp Â· 4. Busuu Â· 5. Grammarly Â· 6. Rosetta Stone Â· 7. HelloTalk Â· 8. BBC ...,9,,
Opiniku setelah belajar 3 bahasa dengan Duolingo,https://www.youtube.com/watch?v=3dzoE7tAvFM,Tapi Duolingo ini aplikasi belajar bahasa paling bagus sih menurut saya. Candu banget. Apalagi dia ada sistem rankingnya gitu.,10,,
Aplikasi Online Terbaik untuk Belajar Bahasa Indonesia,https://www.lingo-play.com/id/indonesian-articles/the-5-best-apps-to-learn-indonesian-in-the-shortest-amount-of-time/,"LinGo â€“ LinGo &ndash> adalah aplikasi yang bagus untuk belajar Bahasa Indonesia, yang memungkinkan Anda tidak hanya meningkatkan tata bahasa dan ...",1,,
Belajar Bahasa Inggris Menjadi Lebih Menarik dengan 10 ...,https://telkomuniversity.ac.id/belajar-bahasa-inggris-menjadi-lebih-menarik-dengan-10-aplikasi-ini/,Aplikasi Belajar Bahasa Inggris Â· 1. Duolingo Â· 2. Busuu Â· 3. English Listening â€“ 6 minutes Â· 4. ELSA Speak Â· 5. BBC Learning English Â· 6. HelloTalk.,2,,
7 Aplikasi Gratis Terbaik untuk Membantu Kamu Belajar ...,https://www.englishnesia.id/blog/aplikasi-belajar-bahasa-inggris-gratis-2025,7 Aplikasi Gratis Terbaik untuk Membantu Kamu Belajar Bahasa Inggris Â· 1. Duolingo Â· 2. Cake Â· 3. Lingokids Â· 4. BBC Learning English Â· 5. Tandem.,3,,
Aplikasi belajar bahasa Inggris kami,https://www.britishcouncil.id/bahasa-inggris/aplikasi,"British Council menawarkan beragam aplikasi pembelajaran bahasa Inggris. Anda dapat belajar bahasa Inggris melalui permainan, podcast, film, dan kuis.",4,,
Belajar Online Makin Mudah Tanpa Install Aplikasi ...,https://app.ruangguru.com/,Akses materi pelajaran makin mudah tanpa harus install aplikasi. Temukan pengalaman belajar online yang super keren dan sesuai kebutuhanmu di Ruangguru for ...,5,,
5 Aplikasi Wajib untuk Belajar Bahasa Inggris Secara ...,https://www.tiktok.com/@nofreeadi10/video/7325756249386028294,5 Aplikasi wajib untuk ngomong sama orang luar #belajarbahasainggris #bahasainggris #aplikasi Â· Aplikasi Mengerjakan Soal Bahasa Inggris.,6,,
5 Rekomendasi Aplikasi Belajar Bahasa Inggris Gratis,https://www.tempo.co/digital/5-rekomendasi-aplikasi-belajar-bahasa-inggris-gratis-66003,"Aplikasi Belajar Bahasa Inggris Gratis Â· 1. Duolingo Â· 2. Drops Â· 3. Babbel Â· 4. Grammarly Â· 5. Busuu. Selanjutnya, Busuu adalah salah satu ...",7,,
10 Aplikasi Belajar Bahasa Inggris Terbaik - English Today,https://englishtoday.co.id/id/blog/aplikasi-belajar-bahasa-inggris/,10 Aplikasi Belajar Bahasa Inggris Terbaik yang Penting Diketahui Â· 1. Duolingo Â· 2. LingoDeer Â· 3. LingQ Â· 4. Busuu Â· 5. ELSA Speak Â· 6. FluentU Â· 7. Memrise.,8,,
Pahamify | Aplikasi Belajar Online | Belajar Jadi Seru,https://pahamify.com/,"Pahamify adalah penyedia layanan bimbel online terbaik melalui aplikasi belajar online yang dapat diakses kapan saja dan dari mana saja melalui hp, tablet, ...",9,,
Aplikasi Edukasi Interaktif,https://qreatif.id/apps/kids,Konsep pembelajaran pada aplikasi ini dirancang secara interaktif disertai permainan menarik dan suara yang menarik sehingga adik-adik tidak bosan saat bermain.,10,,
Aplikasi Edukasi Interaktif,https://qreatif.id/apps/kids,Belajar Anak - Mengenal Huruf dan Angka dalam Bahasa Inggris | Aplikasi ini adalah Game Edukasi untuk belajar mengenal dan membaca huruf abc dan juga ...,1,,
Rekomendasi Aplikasi Belajar Bahasa Inggris Terbaik,https://blog.schoters.com/aplikasi-belajar-bahasa-inggris,Rekomendasi Aplikasi Belajar Bahasa Inggris Terbaik Â· Duolingo. Duolingo barangkali adalah aplikasi belajar bahasa Inggris yang paling banyak ...,2,,
Belajar bahasa daring: mulai belajar secara gratis - Busuu,https://www.busuu.com/id,"Saya mengandalkan aplikasi Busuu untuk mengembangkan kosakata saya dan memperkuat aturan tata bahasa yang mungkin terlewatkan selama kelas ""tradisional"" saya.",3,,
Belajar Online Makin Mudah Tanpa Install Aplikasi ...,https://app.ruangguru.com/,Akses materi pelajaran makin mudah tanpa harus install aplikasi. Temukan pengalaman belajar online yang super keren dan sesuai kebutuhanmu di Ruangguru for ...,4,,
11 Aplikasi Belajar Bahasa Inggris Terbaik (2024),https://blog.cakap.com/aplikasi-belajar-bahasa-inggris/,Rekomendasi Aplikasi Bahasa Inggris Terbaik Â· 1. Cakap Â· 2. Vocabulary Builder Â· 3. Rosetta Stone Â· 4. ABA English Â· 5. Mondly Â· 6. FluentU Â· 7.,5,,
Harus Tahu: Inilah 7 Aplikasi Belajar Bahasa Inggris Terbaik,https://www.english-academy.id/blog/aplikasi-belajar-bahasa-inggris-terbaik,Harus Tahu: Inilah 7 Aplikasi Belajar Bahasa Inggris Terbaik Â· 1. Duolingo Â· 2. Grammarly Â· 3. Rosetta Stone Â· 4. Beelinguapp Â· 5. Busuu Â· 6.,6,,
15 Rekomendasi Aplikasi Belajar Bahasa Inggris Terpopuler,https://www.orami.co.id/magazine/rekomendasi-aplikasi-belajar-bahasa-inggris,15 Rekomendasi Aplikasi Belajar Bahasa Inggris Terpopuler Â· 1. Duolingo Â· 2. Rosetta Stone Â· 3. Babbel Â· 4. Memrise Â· 5. HelloTalk Â· 6. BBC ...,7,,
"6 Aplikasi Belajar Bahasa Inggris Terbaik, Dijamin Pemula ...",https://mediaindonesia.com/humaniora/622980/6-aplikasi-belajar-bahasa-inggris-terbaik-dijamin-pemula-jadi-makin-percaya-diri,Daftar Aplikasi Belajar Bahasa Inggris Â· 1. Duolingo Â· 2. HelloTalk Â· 3. Tandem: Language Exchange Â· 4. Grammarly Â· 5. Beelinguapp Â· 6. Busuu.,8,,
Rekomendasi aplikasi untuk berlatih bahasa Inggris,https://www.antaranews.com/berita/4411693/rekomendasi-aplikasi-untuk-berlatih-bahasa-inggris,Daftar aplikasi berlatih bahasa Inggris Â· 1. Duolingo Â· 2. HelloTalk HelloTalk termasuk dalam aplikasi sosial yang dirancang khusus untuk belajar ...,9,,
7 Aplikasi Belajar Bahasa Inggris Selain Duolingo Terbaik,https://golden-course.com/aplikasi-belajar-bahasa-inggris-selain-duolingo/,7 Aplikasi Belajar Bahasa Inggris Selain Duolingo Terbaik Â· 1. Busuu: European Approach yang Solid Â· 2. Babbel: Conversation Focused Learning.,10,,
7 Aplikasi Belajar Bahasa Inggris Selain Duolingo Terbaik,https://golden-course.com/aplikasi-belajar-bahasa-inggris-selain-duolingo/,7 Aplikasi Belajar Bahasa Inggris Selain Duolingo Terbaik Â· 1. Busuu: European Approach yang Solid Â· 2. Babbel: Conversation Focused Learning.,1,,
"6 Aplikasi Belajar Bahasa Inggris Terbaik, Dijamin Pemula ...",https://mediaindonesia.com/humaniora/622980/6-aplikasi-belajar-bahasa-inggris-terbaik-dijamin-pemula-jadi-makin-percaya-diri,Daftar Aplikasi Belajar Bahasa Inggris Â· 1. Duolingo Â· 2. HelloTalk Â· 3. Tandem: Language Exchange Â· 4. Grammarly Â· 5. Beelinguapp Â· 6. Busuu.,2,,
10 Aplikasi Terbaik untuk Belajar Bahasa Inggris,https://carisinyal.com/aplikasi-belajar-bahasa-inggris/,10 Aplikasi Terbaik untuk Belajar Bahasa Inggris Â· 1. Duolingo Â· 2. Memrise Â· 3. ELSA Â· 4. Lingokids Â· 5. Tandem Â· 6. Simpler Â· 7. Falou Â· 8. Learna AI.,3,,
Aplikasi untuk Belajar Bahasa Baru â€” Sekolah Interaktif,https://translate.google.com/translate?u=https://blog.interactiveschools.com/blog/apps-for-learning-a-new-language&hl=id&sl=en&tl=id&client=srp,"Duolingo untuk sekolah: Duolingo memiliki platform pembelajaran khusus yang tersedia khusus untuk sekolah . Saat ini, platform ini digunakan ...Oops! Something went wrong.",4,,
Aplikasi Pembelajaran Bahasa Terbaik (2025),https://translate.google.com/translate?u=https://extension.appforlanguage.com/the-best-language-learning-apps/&hl=id&sl=en&tl=id&client=srp,"Duolingo punya beberapa cara untuk memotivasi Anda agar terus belajar. Salah satunya adalah dengan memberikan strike. Duolingo mencatat strike Anda dalam ...Duolingo is the most popular language-learning app. Duolingo has a skill tree of lessons that uses listening exercises, flashcards, and multiple-choice ...",5,,
5 Aplikasi Belajar Bahasa Inggris Cepat,https://lingua-learn.id/idn/blogs/aplikasi-belajar-bahasa-inggris/,Table Of Contents Â· 1. Duolingo â€“ Belajar Bahasa Inggris dengan Cara Menyenangkan Â· 2. Babbel â€“ Fokus pada Percakapan Sehari-hari Â· 3. Busuu â€“ ...,6,,
11 Aplikasi Belajar Bahasa Inggris Terbaik,https://www.youtube.com/watch?v=8irB_c6aYVA,"Hey, guys! Di video ini, aku bakal review 11 aplikasi belajar Bahasa Inggris terbaik yang bisa bikin belajar jadi lebih seru dan efektif. Mulai ...",7,,
Belajar Bahasa Indonesia dengan Beelinguapp,https://beelinguapp.com/id/kursus/belajar-bahasa-indonesia,Beelinguapp membantu Anda belajar Bahasa Indonesia dengan menawarkan pendekatan yang menarik dan efektif. Aplikasi ini menyediakan teks dwibahasa yang ...,8,,
Busuu - Belajar bahasa - Aplikasi di Google Play,https://play.google.com/store/apps/details?id=com.busuu.android.enc&hl=id,"Kami Busuu, aplikasi yang mempermudah belajar bahasa bagi semua orang. 120 juta orang lebih senang belajar bahasa baru bersama kami. Sekarang giliran Anda!",9,4.7,1064641
Aplikasi Pembelajaran Bahasa Terbaik,https://translate.google.com/translate?u=https://digitalnomads.world/travel/best-language-learning-apps/&hl=id&sl=en&tl=id&client=srp,Memrise memungkinkan Anda memilih dari lebih dari 23 bahasa. Kami sangat menyukai fitur Belajar dengan Penduduk Lokal di aplikasi ini. Fitur ini memungkinkan ...10 Best Language Learning Apps | Duolingo Â· Memrise Â· Babbel Â· Rosetta Stone Â· QLango Â· Busuu Â· Beelinguapp Â· Drops Â· TripLingo Â· Mondly.,10,,
Aplikasi Pembelajaran Bahasa Terbaik,https://translate.google.com/translate?u=https://digitalnomads.world/travel/best-language-learning-apps/&hl=id&sl=en&tl=id&client=srp,Memrise memungkinkan Anda memilih dari lebih dari 23 bahasa. Kami sangat menyukai fitur Belajar dengan Penduduk Lokal di aplikasi ini. Fitur ini memungkinkan ...10 Best Language Learning Apps | Duolingo Â· Memrise Â· Babbel Â· Rosetta Stone Â· QLango Â· Busuu Â· Beelinguapp Â· Drops Â· TripLingo Â· Mondly.,1,,
7 Aplikasi Pembelajaran Bahasa Terbaik 2022,https://translate.google.com/translate?u=https://en.amazingtalker.com/blog/en/english/58137/&hl=id&sl=en&tl=id&client=srp,"Busuu tidak hanya memberi Anda kesempatan untuk belajar bahasa melalui pelajarannya, tetapi juga kesempatan untuk berinteraksi dengan penutur ...Best language learning apps in 2022. Language apps for different types of learning. Best apps to learn a language in 2022 for all styles.",2,,
10 Rekomendasi Aplikasi Belajar Bahasa Inggris Gratis,https://englishvit.com/artikel/10-rekomendasi-aplikasi-belajar-bahasa-inggris-gratis-1779,10 Rekomendasi Aplikasi Belajar Bahasa Inggris Gratis Â· 1. Cake Â· 2. Englishvit App Â· 3. Quiz your English Â· 4. FunEasyLearn Â· 5. Wannalisn Â· 6.,3,,
Aplikasi Belajar Bahasa Terbaik Untuk Anda,https://www.lemon8-app.com/nurulsuci30/7266053389220594177?region=id,Aplikasi Terbaik untuk Belajar Bahasa Inggeris. Terdapat banyak aplikasi yang direka untuk membantu pengguna belajar Bahasa Inggeris dengan cara ...,4,,
Satu-satunya 4 Aplikasi Pembelajaran Bahasa yang ...,https://translate.google.com/translate?u=https://storylearning.com/blog/language-learning-apps&hl=id&sl=en&tl=id&client=srp,"Ngomong-ngomong, kalau kamu ingin belajar bahasa baru dengan cepat, tanpa aplikasi pembelajaran bahasa, rekomendasi utamaku adalah StoryLearningÂ®, metode yang ...Looking for the best language learning apps? Forget shiny bells and whistles. There are only 4 types of app that work in language learning.",5,,
12 Aplikasi Belajar Bahasa Inggris yang Cocok Buat Pemula,https://www.reddoorz.com/en-id/blog/kost/aplikasi-belajar-bahasa-inggris-pemula,Daftar Aplikasi Canggih untuk Belajar Inggris Bagi Pemula Â· 1. Hello English Â· 2. Speak English Fluently Â· 3. Duolingo Â· 4. English Speaking Practice Â· 5.,6,,
Aplikasi Gratis Untuk Praktek Speaking,https://www.tiktok.com/@keanwu/video/7328345699115076869,"391 Likes, TikTok video from Adepati | Belajar Bahasa (@keanwu): â€œAplikasi yang memungkinkan tukeran belajar dengan Native Speaker untuk ...",7,,
Pelajari bahasa Inggris dengan metode yang efektif,https://id.duolingo.com/course/en/id/Pelajari-Bahasa-Inggris,"Belajar bersama Duolingo itu seru dan terbukti efektif berdasarkan penelitian! Dengan pelajaran kecil dan cepat, kamu akan mendapat poin dan membuka level-level ...",8,,
4 Aplikasi Teratas untuk Mempelajari Bahasa Baru di ...,https://translate.google.com/translate?u=https://www.mobigyaan.com/top-4-language-learning-apps-android&hl=id&sl=en&tl=id&client=srp,"Aplikasi ini telah menjadi yang terdepan dalam hal belajar bahasa baru. Aplikasi ini menawarkan pelajaran singkat dalam bentuk permainan dan ...Learning a new language has become very easy, especially with the mobile applications dedicated to let users learn a language from the ...",9,,
7 Aplikasi Belajar Bahasa Inggris Online Efektif untuk Anak,https://jagobahasa.com/for-kids/aplikasi-belajar-online-bahasa-inggris-anak/,Rekomendasi Aplikasi Belajar Bahasa Inggris Online untuk Anak Â· 1. Preply Â· 2. Rosetta Stone Â· 3. Memrise Â· 4. Babbel Â· 5. Duolingo Â· 6. LingoDeer Â· 7. Mondly.,10,,
4 Aplikasi Teratas untuk Mempelajari Bahasa Baru di ...,https://translate.google.com/translate?u=https://www.mobigyaan.com/top-4-language-learning-apps-android&hl=id&sl=en&tl=id&client=srp,"Aplikasi ini telah menjadi yang terdepan dalam hal belajar bahasa baru. Aplikasi ini menawarkan pelajaran singkat dalam bentuk permainan dan ...Learning a new language has become very easy, especially with the mobile applications dedicated to let users learn a language from the ...",1,,
Pelajari bahasa Inggris dengan metode yang efektif,https://id.duolingo.com/course/en/id/Pelajari-Bahasa-Inggris,"Belajar bersama Duolingo itu seru dan terbukti efektif berdasarkan penelitian! Dengan pelajaran kecil dan cepat, kamu akan mendapat poin dan membuka level-level ...",2,,
17 Aplikasi Pembelajaran Bahasa Terbaik untuk Setiap ...,https://translate.google.com/translate?u=https://makeheadway.com/blog/best-language-learning-apps/&hl=id&sl=en&tl=id&client=srp,"Headway adalah alat pengembangan diri yang sempurna bagi mereka yang ingin belajar bahasa melalui buku. Pustaka konten ringkas dalam aplikasi ...For conversation practice: HelloTalk, Busuu, and HiNative connect you with native speakers. For structured academic learning: Babbel and Rosetta ...",3,,
Aplikasi Pembelajaran Bahasa Gratis dan Berbayar Terbaik,https://translate.google.com/translate?u=https://www.hellotech.com/blog/10-best-free-language-learning-apps&hl=id&sl=en&tl=id&client=srp&srsltid=AfmBOoob21DtNgWEIxZcA8M1opzLXr2epzxVLICNI3ydC0drzvlzUYmm,MemRise dirancang untuk membuat belajar bahasa baru menyenangkan dengan mengajarkan kata dan frasa penting melalui kartu flash dan ribuan klip ...This conversational app connects you to over 25 million native speakers from 150 countries that will help teach you their language. You can ...,4,,
8 Aplikasi Pembelajaran Bahasa Terbaik (2024),https://translate.google.com/translate?u=https://www.wired.com/gallery/best-language-learning-apps/&hl=id&sl=en&tl=id&client=srp,"Lirica ($9 per bulan) : Bisakah Anda belajar bahasa melalui musik? Lirica adalah aplikasi seru yang menggunakan lagu dan video populer untuk ...Whatever language you're trying to pick up, a learning app can help you build your vocabulary and improve your understanding of a country's ...",5,,
7 Aplikasi Belajar Bahasa Inggris Online Efektif untuk Anak,https://jagobahasa.com/for-kids/aplikasi-belajar-online-bahasa-inggris-anak/,Rekomendasi Aplikasi Belajar Bahasa Inggris Online untuk Anak Â· 1. Preply Â· 2. Rosetta Stone Â· 3. Memrise Â· 4. Babbel Â· 5. Duolingo Â· 6. LingoDeer Â· 7. Mondly.,6,,
10 Aplikasi Pembelajaran Bahasa Gratis yang Wajib ...,https://translate.google.com/translate?u=https://www.fluentu.com/blog/learn/free-language-apps/&hl=id&sl=en&tl=id&client=srp,"Duolingo berfokus pada aktivitas menarik yang membantu Anda belajar dengan menguji kosakata Anda. Oleh karena itu, Anda akan diminta untuk ...Free language learning apps are everywhere in today's tech-savvy world, and they are changing the way that we learn languages!",7,,
Ayo Coba TKA | Pilih Mata Pelajaran,https://pusmendik.kemdikbud.go.id/tka/simulasi_tka,"APLIKASI ANBK - Simulasi TKA. Simulasi TKA. Pilih jenjang dan mata pelajaran ... Bahasa Indonesia, Bahasa Inggris. Mulai Simulasi. Copyright Â© 2025 ...",8,,
Aplikasi Terbaik untuk Belajar Bahasa dengan Cepat dan ...,https://talkpal.ai/id/aplikasi-terbaik-untuk-belajar-bahasa-dengan-cepat-dan-mudah/,"Salah satu aplikasi yang sangat direkomendasikan adalah Talkpal, yang menawarkan metode pembelajaran bahasa yang efektif dan menyenangkan. Dalam artikel ini, ...",9,,
5 Aplikasi Pembelajaran Bahasa Terbaik untuk Menguasai ...,https://translate.google.com/translate?u=https://www.lifehack.org/820875/language-learning-app&hl=id&sl=en&tl=id&client=srp,"Duolingo adalah aplikasi yang sangat sukses yang menggabungkan gamifikasi dan pembelajaran bahasa. Menurut Expanded Ramblings, aplikasi ini kini ...Duolingo is a very successful app that merged gamification and language learning. According to Expanded Ramblings, the app now counts with 300 million users.",10,,
7 Aplikasi Ponsel Gratis untuk Belajar Bahasa Asing,https://www.travelsafe-aca.com/News-Detail/7-Aplikasi-Ponsel-Gratis-untuk-Belajar-Bahasa-Asing,Quizlet adalah aplikasi yang menggunakan flashcard untuk belajar kosakata. Aplikasi ini juga mengajak Anda belajar dengan metode permainan dan ...,1,,
5 Aplikasi Pembelajaran Bahasa Terbaik untuk Menguasai ...,https://translate.google.com/translate?u=https://www.lifehack.org/820875/language-learning-app&hl=id&sl=en&tl=id&client=srp,"Duolingo adalah aplikasi yang sangat sukses yang menggabungkan gamifikasi dan pembelajaran bahasa. Menurut Expanded Ramblings, aplikasi ini kini ...Duolingo is a very successful app that merged gamification and language learning. According to Expanded Ramblings, the app now counts with 300 million users.",2,,
Gratis! Ini Dia 7 Aplikasi Terbaik untuk Belajar Bahasa ...,https://campuspedia.id/news/gratis-7-aplikasi-terbaik-untuk-belajar-bahasa-asing-tanpa-kursus/,Gratis! Ini Dia 7 Aplikasi Terbaik untuk Belajar Bahasa Asing Tanpa Kursus! Â· 1. Memrise Â· 2. Babbel Â· 3. Busuu Â· 4. Mondly Â· 5. Duolingo Â· 6. HiNative Â· 7.,3,,
"7 Aplikasi Belajar Bahasa Terbaik, Banyak Pilihan Gratis!",https://techdaily.id/aplikasi-belajar-bahasa-terbaik-banyak-pilihan-gratis/,"7 Aplikasi Belajar Bahasa Terbaik, Banyak Pilihan Gratis! Â· Duolingo Â· Rosetta Stone Â· Memrise Â· Lingodeer Â· Mondly Â· Babbel Â· HelloTalk ...",4,,
"Wajib Coba! Duolingo, Busuu, dan Memrise, Aplikasi Ampuh ...",https://cinulu.id/platform-belajar/aplikasi-belajar-bahasa-asing/,"Wajib Coba! Duolingo, Busuu, dan Memrise, Aplikasi Ampuh Kuasai Bahasa Asing dengan Cepat ... Tiga mahasiswa sedang menggunakan aplikasi belajar ...",5,,
"6 Aplikasi Belajar Bahasa Inggris Ini Mudah Dipahami, ...",https://www.topsellbelanja.com/rekomendasi-aplikasi-belajar-bahasa-inggris/?srsltid=AfmBOoo_9nkcGPNt1V50PmmSri2KQHXlKI99_GOInP8TE3LIWmRAPpE9,"6 Aplikasi Belajar Bahasa Inggris Ini Mudah Dipahami, Auto Jago! Â· 1. Duolingo Â· 2. Grammarly Â· 3. Beelinguapp Â· 4. Babbel Â· 5. HelloTalk Â· 6. Memrise Â· 5 HP ...",6,,
4 Aplikasi Pembelajaran Bahasa Terbaik Dibandingkan,https://translate.google.com/translate?u=https://education.clickdo.co.uk/best-language-learning-apps/&hl=id&sl=en&tl=id&client=srp,"Jika Anda mencari pengalaman belajar bahasa yang berbeda yang tidak ditawarkan aplikasi bahasa lain, Duolingo patut dicoba. Aplikasi ini menawarkan beberapa ...Many language apps have capabilities such as speech recognition, which is essential for guaranteeing appropriate pronunciation. Most also have ...",7,,
Berikut 5 Aplikasi Belajar Bahasa Asing yang Menyenangkan,https://kaltimtoday.co/berikut-5-aplikasi-belajar-bahasa-asing-yang-menyenangkan,Duolingo adalah aplikasi yang terkenal untuk belajar bahasa Inggris khususnya bagi pemula. Duolingo memiliki ciri khas maskot seekor burung ...,8,,
Rekomendasi aplikasi untuk berlatih bahasa Inggris,https://www.antaranews.com/berita/4411693/rekomendasi-aplikasi-untuk-berlatih-bahasa-inggris,1. Duolingo Â· 2. HelloTalk HelloTalk termasuk dalam aplikasi sosial yang dirancang khusus untuk belajar bahasa melalui percakapan dengan penutur ...,9,,
10 Aplikasi Terbaik untuk Belajar Bahasa Inggris,https://carisinyal.com/aplikasi-belajar-bahasa-inggris/,10 Aplikasi Terbaik untuk Belajar Bahasa Inggris Â· 1. Duolingo Â· 2. Memrise Â· 3. ELSA Â· 4. Lingokids Â· 5. Tandem Â· 6. Simpler Â· 7. Falou Â· 8. Learna AI.,10,,
"7 Aplikasi Belajar Bahasa Terbaik, Banyak Pilihan Gratis!",https://techdaily.id/aplikasi-belajar-bahasa-terbaik-banyak-pilihan-gratis/,"7 Aplikasi Belajar Bahasa Terbaik, Banyak Pilihan Gratis! Â· Duolingo Â· Rosetta Stone Â· Memrise Â· Lingodeer Â· Mondly Â· Babbel Â· HelloTalk ...",1,,
6 Aplikasi Pembelajaran Bahasa Terbaik untuk Memicu ...,https://translate.google.com/translate?u=https://ling-app.com/blog/best-language-learning-apps/&hl=id&sl=en&tl=id&client=srp,"Ini bukan jalan satu arah dalam belajar bahasa. Aplikasi Ling adalah salah satu aplikasi belajar bahasa terbaik karena interaktif dan dinamis.Whether you want to learn a new language for your next trip or simply out of passion, the Ling app has it all. It offers over 60 languages, ...",2,,
Ini 6 Aplikasi Belajar Bahasa Terbaik 2024,https://www.beritasatu.com/ototekno/2803080/ini-6-aplikasi-belajar-bahasa-terbaik-2024,2 Cara Mudah Mengubah Suara dan Bahasa pada Google Assistant Â· 2. Anki Â· 3. Clozemaster Â· 4. iTalk. Aplikasi ini sedikit berbeda dari yang lain ...,3,,
Lebih dari 20 juta orang di dunia belajar bahasa tiap hari,https://www.instagram.com/reel/C8j4X4ZPl95/,"finfolkmoney on June 23, 2024: ""Lebih dari 20 juta orang di dunia belajar bahasa tiap hari â€” pake aplikasi Duolingo. Duolingo bikin aplikasi ...",4,,
1 JAM MAHIR BAHASA INGGRIS DENGAN 5 APLIKASI INI,https://www.youtube.com/watch?v=nwl4sn-jPmU,5 Aplikasi yang digunakan untuk belajar Bahasa Inggris dengan mudah dan cepat tanpa harus kursus.,5,,
4 Aplikasi Gratis untuk Belajar Bahasa Baru,https://id.techinasia.com/daftar-aplikasi-gratis-untuk-belajar-bahasa-baru,"Aplikasi ini mungkin sudah tidak asing lagi. Duolingo menawarkan beragam bahasa yang bisa dipelajari mulai dari bahasa Prancis, Italia, Spanyol, ...",6,,
Lawan Duolingo? Google Translate Upgrade Fitur Belajar ...,https://id.mashable.com/tech/20112/lawan-duolingo-google-translate-upgrade-fitur-belajar-bahasa-berbasis-ai-dan-terjemahan-real-time,"Sebagai pelengkap, Google juga secara agresif menambahkan lebih banyak fitur pada alat pembelajaran bahasa berbasis AI yang diperkenalkan pada ...",7,,
Canva Pendidikan â€“ 100% Gratis untuk Guru & Siswa dari ...,https://www.canva.com/id_id/pendidikan/,"Siswa dapat menggunakan Canva untuk mendemonstrasikan pembelajaran melalui berbagai formatâ€”proyek kelompok, video, poster, dan lainnya. Cara kerja Canva ...",8,,
Rekomendasi 3 Aplikasi Belajar Bahasa Asing yang Bikin ...,https://cewekbanget.grid.id/read/06863834/rekomendasi-3-aplikasi-belajar-bahasa-asing-yang-bikin-belajar-bahasa-terasa-mudah?page=all,"Duolinggo adalah aplikasi belajar bahasa asing paling populer dengan 100 juta pengguna. Si pencetus, Luis von Ahn berhasil mengombinasikan ...",9,,
Ruangguru: Aplikasi Bimbel Online Interaktif Terbaik #1 ...,https://www.ruangguru.com/,"Platform bimbingan belajar (bimbel) online terbesar di Indonesia untuk jenjang SD, SMP, SMA/SMK. Download & langganan Ruangguru mulai dari sekarang!",10,,
Sekolah.mu | Kelas belajar tambahan sesuai minat bakat anak,https://www.sekolah.mu/,Menghadirkan pembelajaran Bahasa Inggris yang interaktif dengan guru native dan guru profesional bersertifikat menggunakan kurikulum Cambridge. Pelajari ...,1,,
Ruangguru: Aplikasi Bimbel Online Interaktif Terbaik #1 ...,https://www.ruangguru.com/,"Platform bimbingan belajar (bimbel) online terbesar di Indonesia untuk jenjang SD, SMP, SMA/SMK. Download & langganan Ruangguru mulai dari sekarang!",2,,
4 Rekomendasi Aplikasi Terbaik untuk Belajar Bahasa Asing,https://www.idntimes.com/tech/trend/4-rekomendasi-aplikasi-terbaik-untuk-belajar-bahasa-asing-01-w8826-t8gzrn,4 Rekomendasi Aplikasi Terbaik untuk Belajar Bahasa Asing Â· 1. Duolingo Â· 2. Cake Â· 3. Memrise Â· 4. LingoDeer. Lingodeer di Play Store (play.,3,,
1 JAM MAHIR BAHASA INGGRIS DENGAN 5 APLIKASI INI,https://www.youtube.com/watch?v=nwl4sn-jPmU,5 Aplikasi yang digunakan untuk belajar Bahasa Inggris dengan mudah dan cepat tanpa harus kursus.,4,,
"12 Aplikasi Belajar Bahasa Asing, Praktis Banyak Pilihan ...",https://telset.id/apps/aplikasi-belajar-bahasa-asing/,"12 Aplikasi Belajar Bahasa Asing, Praktis Banyak Pilihan Bahasa! Â· 1. Memrise Â· 2. Mondly Â· 3. Tandem Language Exchange Â· 4. Busuu Â· 5. Duolingo ...",5,,
Google Terjemahan,https://translate.google.co.id/?hl=id,"Layanan Google yang ditawarkan tanpa biaya ini dapat langsung menerjemahkan berbagai kata, frasa, dan halaman web ke bahasa Indonesia dan lebih dari 100 ...",6,,
10 Aplikasi Belajar Bahasa Inggris,https://golden-course.com/10-rekomendasi-aplikasi-belajar-bahasa-inggris-terbaik-di-android-ios-dan-laptop/,10 Aplikasi Belajar Bahasa Inggris Â· 1. Duolingo Â· 2. Babbel Â· 3. Rosetta Stone Â· 4. Memrise Â· 5. BBC Learning English Â· 6. FluentU Â· 7.,7,,
Belajar Bahasa Indonesia - Aplikasi di Google Play,https://play.google.com/store/apps/details?id=com.learnbahasaindonesian.learnindonesianlanguage&hl=id,Dengan aplikasi gratis ini untuk belajar bahasa indonesia untuk semua orang. Belajar bahasa indonesia memiliki 1170 frase umum dalam bahasa indonesia yang bebas ...,8,4,237
Englishnesia: Kursus Bahasa Inggris Online No.1 di Indonesia,https://www.englishnesia.id/,Platform Kursus Bahasa Inggris Online No.1 di Indonesia. Yuk Belajar Bahasa ... aplikasi disusun secara tersistem berdasarkan riset yang mendalam. â€‹. Daftar ...,9,,
13 Aplikasi Belajar Bahasa Inggris Terbaik untuk Anak ...,https://www.orami.co.id/magazine/aplikasi-belajar-bahasa-inggris,Aplikasi Belajar Bahasa Inggris yang Mudah Digunakan Â· 1. Babbel Â· 2. Duolingo Â· 3. Beelinguapp Â· 4. Memrise Â· 5. Grammarly Â· 6. HelloTalk Â· 7.,10,,
13 Aplikasi Belajar Bahasa Inggris Terbaik untuk Anak ...,https://www.orami.co.id/magazine/aplikasi-belajar-bahasa-inggris,Aplikasi Belajar Bahasa Inggris yang Mudah Digunakan Â· 1. Babbel Â· 2. Duolingo Â· 3. Beelinguapp Â· 4. Memrise Â· 5. Grammarly Â· 6. HelloTalk Â· 7.,1,,
"Berikut 4 Aplikasi untuk Belajar Bahasa Saat ""Terjebak"" di ...",https://www.kompas.com/tren/read/2020/08/02/113923565/berikut-4-aplikasi-untuk-belajar-bahasa-saat-terjebak-di-rumah?page=all,"Berikut 4 Aplikasi untuk Belajar Bahasa Saat ""Terjebak"" di Rumah Â· 1. Duolingo Â· 2. Babel Â· 3. Busuu Â· 4. Rosetta Stone. Aplikasi ini menawarkan ...",2,,
6 Aplikasi Terbaik untuk Belajar Bahasa Asing dengan ...,https://mediaindonesia.com/teknologi/704116/6-aplikasi-terbaik-untuk-belajar-bahasa-asing-dengan-seru-dan-efektif,6 Aplikasi Terbaik untuk Belajar Bahasa Asing dengan Seru dan Efektif Â· 1. Duolingo Â· 2. Babbel Â· 3. Memrise Â· 4. HelloTalk Â· 5. Busuu Â· 6.,3,,
Qreatif Educative | Aplikasi Edukasi Interaktif,https://qreatif.id/,"Pusat Aplikasi Edukasi Interaktif dengan format Game, Media Pembelajaran, dan Simulasi atau Virtual Lab.",4,,
10 Aplikasi untuk Belajar Bahasa Asing Secara Online,https://www.rukita.co/stories/aplikasi-belajar-bahasa-asing,"Kamu bisa mencoba asyiknya belajar di Babbel secara gratis selama seminggu. Kalau ingin lanjut belajar, kamu bisa berlangganan sebesar Rp200.000 ...",5,,
Aplikasi apa yang bagus untuk belajar bahasa Inggris ...,https://id.quora.com/Aplikasi-apa-yang-bagus-untuk-belajar-bahasa-Inggris-lewat-ponsel,"Aplikasi yg bagus menurut saya adalah Duolingo. Â· Selain Duolingo, aplikasi yang terbaik menurut saya adalah YouTube (tentunya). Karena di ...",6,,
Rekomendasi Aplikasi Belajar Bahasa Tanpa Kursus,https://www.universitas123.com/news/rekomendasi-aplikasi-belajar-bahasa-tanpa-kursus,"Aplikasi belajar Bahasa terbaik: 1. Memrise, 2. Mondly, 3. Tandem Language Exchange, 4. Busuu, 5. Duolingo...",7,,
Aplikasi Belajar Bahasa Indonesia Terbaik untuk Pemula ...,https://talkpal.ai/aplikasi-belajar-bahasa-indonesia-terbaik-untuk-pemula-dan-profesional/,Aplikasi Belajar Bahasa Indonesia untuk Pemula Â· 1. Talkpal: Pendamping Belajar Bahasa yang Interaktif Â· 2. Duolingo: Pembelajaran Bahasa yang Menyenangkan Â· 3.,8,,
5 Aplikasi Belajar Bahasa Asing Terbaik untuk Pemula,https://nationalsolarservice.com/5-aplikasi-belajar-bahasa-asing-terbaik-untuk-pemula/,"Bagi pemula, Duolingo sangat pas karena mulai dari kosakata dasar, tata bahasa, hingga latihan berbicara. Inilah alasan kenapa aplikasi ini ...",9,,
Rumah Pendidikan: Ruang Kolaborasi untuk Pendidikan ...,https://rumah.pendidikan.go.id/,Apakah pengguna harus menggunakan Akun belajar.id untuk mengakses Rumah Pendidikan? ... Unduh Aplikasi Rumah Pendidikan. Download Rumah Pendidikan on Google ...,10,,
Duolingo - Belajar Serius Jadi Seru,https://id.duolingo.com/nocuesta,Belajar bahasa gratis dengan aplikasi pendidikan #1 di dunia.,1,,
Review Jujur Belajar 1 Bulan Pake Duolingo (Pengalaman ...,https://www.youtube.com/watch?v=47ixjM-a8ko,"Share your videos with friends, family, and the world.",2,,
Aplikasi Populer untuk Belajar Bahasa Asing,https://rri.co.id/riau/iptek/1960629/aplikasi-populer-untuk-belajar-bahasa-asing,Aplikasi Populer untuk Belajar Bahasa Asing Â· 1. Duolingo. Duolingo menjadi salah satu aplikasi paling terkenal dalam dunia pembelajaran bahasa.,3,,
Portal Layanan Program GTK Kemendikdasmen,https://gtk.belajar.kemendikdasmen.go.id/,Di bawah ini merupakan kumpulan jalan pintas menuju ke masing-masing aplikasi Program GTK Kemendikdasmen ... Integrasi Akun Belajar.id. Pemanfaatan akun ...,4,,
Platform Bimbingan Kuliah di Luar Negeri & Bahasa Terbaik,https://www.schoters.com/id,Mentor Schoters memang sangat berpengalaman dalam memberikan masukan yang membangun untuk setiap komponen yang diperlukan untuk aplikasi universitas. Selain ...,5,,
17 Aplikasi Belajar Bahasa Inggris Untuk Android dan ...,https://www.sukasite.com/aplikasi-belajar-bahasa-inggris,"Beberapa aplikasi belajar bahasa inggris yang direkomendasikan adalah Duolingo, Mondly, LingoDeer, Beelinguapp, BBC Learning English, Tandem, ...",6,,
Lima Aplikasi Belajar Bahasa Asing Terbaik,https://www.tempo.co/info-tempo/lima-aplikasi-belajar-bahasa-asing-terbaik-843209,Aplikasi MosaLingua berfokus pada konsep pengulangan dan bertujuan untuk mencapai keberhasilan belajar yang maksimal. Aplikasi ini dapat ...,7,,
Membalas @lel.ladomex HelloTalk aplikasi recommended ...,https://www.tiktok.com/@shinjooo_/video/7553656052445728056,Membalas @lel.ladomex HelloTalk aplikasi recommended buat yang mau belajar bahasa dan cari partner belajar bahasa #hellotalk #hellotalkfriend # ...,8,,
Sejumlah Aplikasi Ini Bisa Dicoba untuk Belajar Bahasa ...,https://eraspace.com/artikel/post/makin-lancar-berkomunikasi-5-aplikasi-ini-bisa-dicoba-untuk-belajar-bahasa-asing,"Pilihan aplikasi belajar bahasa asing selanjutnya yaitu Duolingo. Di mana, aplikasi ini menyediakan sebanyak 19 bahasa asing yang bisa dipilih ...",9,,
Rumah Belajar,https://belajar.kemdikbud.go.id/,"Temukan ribuan konten pembelajaran dalam berbagai bentuk, mulai dari video, audio, artikel, games, dan lab maya sesuai dengan jenjang, kelas, dan topik yang ...",10,,
"5 Aplikasi dan Website Belajar Berbahasa Terbaik, Gratis!",https://tipd.umri.ac.id/?p=572,"Duolingo merupakan aplikasi belajar bahasa terbaik yang pernah kami kenal! Duolingo mempunyai fitur interaktif dan nyaman digunakan. Alhasil, ...",1,,
"Cara Mudah Belajar Bahasa Asing, Gunakan 5 Aplikasi Ini",https://www.inews.id/lite/techno/internet/cara-mudah-belajar-bahasa-asing-gunakan-5-aplikasi-ini,"Aplikasi belajar bahasa yang menggabungkan gamification dan pembelajaran bahasa, Duolingo menawarkan konsep unik dan mudah digunakan. Baca Juga.",2,,
Aplikasi Terbaik untuk Belajar B. Inggris! Harus coba â˜€ï¸ğŸŒ±,https://www.instagram.com/reel/DOYZ0fLkm1U/,"Dalam video ini, kita akan membahas tentang dua aplikasi yang paling cocok untuk belajar bahasa Inggris. Kami akan membahas tentang ...",3,,
7 Aplikasi Belajar Bahasa Terbaik untuk Digunakan,https://www.idntimes.com/tech/trend/aplikasi-belajar-bahasa-terbaik-00-1zs3z-2gxc2q,7 Aplikasi Belajar Bahasa Terbaik untuk Digunakan Â· 1.Babbel Â· 2.Duolingo Â· 3.Rosetta Stone Â· 4.Memrise Â· 5.Busuu Â· 6.Pimsleur Â· 7.Drops.,4,,
Aplikasi Ini Bikin 20 Juta Orang Kecanduan Belajar Bahasa,https://www.youtube.com/watch?v=XlYlDk7yrbo,Lebih dari 20 juta orang di dunia belajar bahasa tiap hari â€” pake aplikasi Duolingo. Duolingo bikin aplikasi edukasi-rasa-game yang berhasil ...,5,,
Belajar Bahasa Indonesia - Aplikasi di Google Play,https://play.google.com/store/apps/details?id=com.learnbahasaindonesian.learnindonesianlanguage&hl=id,Dengan aplikasi gratis ini untuk belajar bahasa indonesia untuk semua orang. Belajar bahasa indonesia memiliki 1170 frase umum dalam bahasa indonesia yang bebas ...,6,4,237
pelacur korea memek bahasa - Covenant Edition (SECO),https://covenantedition.fr/elvpfm/29119,Aug 4 2023 Â· Belajar Bahasa Korea tidak hanya bisa kamu dapatkan lewat mendengarkan lagu korea menggunakan aplikasi belajar Bahasa Korea atau ...,7,,
6 aplikasi terbaik untuk belajar bahasa Inggris,https://id.androidayuda.com/las-6-mejores-aplicaciones-para-aprender-ingles/,Bahasa Inggris adalah bahasa yang paling banyak digunakan dan dapat dipelajari menggunakan aplikasi. Â· Duolingo dan Babbel ideal untuk pembelajaran jangka pendek ...,8,,
E-learning Universitas Sanata Dharma,https://belajar.usd.ac.id/,Cara Login Ke Situs Belajar Cara Login Menggunakan Aplikasi Moodle Mobile ... Pendidikan Bahasa Inggris pada Program Sarjana (PBI) (115). Pendidikan Bahasa ...,9,,
Google Gemini,https://gemini.google.com/?hl=id,"Perkenalkan Gemini, asisten AI Google. Dapatkan bantuan untuk menulis, membuat rencana, bertukar pikiran, dan banyak lagi. Manfaatkan kecanggihan AI ...",10,,
Google Gemini,https://gemini.google.com/?hl=id,"Perkenalkan Gemini, asisten AI Google. Dapatkan bantuan untuk menulis, membuat rencana, bertukar pikiran, dan banyak lagi. Manfaatkan kecanggihan AI ...",1,,
Ganesha Operation | Bimbel Terbaik dan Terbesar Se-Indonesia,https://ganeshaoperation.com/,"Sebagai bukti bahwa Ganesha Operation merupakan bimbingan belajar terbaik dan terbesar di Indonesia, GO telah berhasil meraih berbagai prestasi, di antaranya GO ...",2,,
E-learning Universitas Sanata Dharma,https://belajar.usd.ac.id/,Cara Login Ke Situs Belajar Cara Login Menggunakan Aplikasi Moodle Mobile ... Pendidikan Bahasa Inggris pada Program Sarjana (PBI) (115). Pendidikan Bahasa ...,3,,
Bisakah AI belajar menebak sendiri?,https://www.ibm.com/id-id/think/news/can-ai-second-guess-itself,"Apa yang terjadi jika AI diberi kemampuan untuk bernalar dengan ritme yang lebih lambat? Pelajari lebih lanjut tentang SOFAI, singkatan dari Slow and Fast ...",4,,
Belajar Bahasa Mandarin dengan AI untuk Pemula,https://www.tiktok.com/@patriciangelss/video/7457522515024432389,Pake aplikasi AI apaan ? 1-9Reply. 2.,5,,
Dicoding Indonesia - Bangun Karirmu Sebagai Developer ...,https://www.dicoding.com/,"Saatnya bijak memilih sumber belajar. Tak hanya materi yang terjamin, Dicoding Academy juga memiliki reviewer profesional yang akan mengulas kode Anda.",6,,
Download Center untuk Aplikasi dan Plugin Zoom,https://zoom.us/id/download,Pusat Pembelajaran Â· Komunitas Zoom Â· Hubungi Kami Â· Aksesibilitas Â· Dukungan ... Bahasa. Bahasa Indonesia. English; EspaÃ±ol; Deutsch; ç®€ä½“ä¸­æ–‡; ç¹é«”ä¸­æ–‡ ...,7,,
Neutron Yogyakarta,https://neutron.co.id/,"Aplikasi ini diberikan untuk melihat jadwal, merekap materi ajar, melakukan tanya jawab dengan tim pengajar, dan melihat rekam belajar. Bimbingan Tatap Muka ...",8,,
Login | SIMPKB,https://akun.simpkb.id/,di Aplikasi SIMPKB. SIMPKB - Admin / Personal ... Registrasi akun GTK? atau masuk dengan. Akun belajar.id Â· Panduan Belajar.id Dapatkan akun Belajar.id.,9,,
Spada Indonesia,https://spada.kemdiktisaintek.go.id/,PENGEMBANGAN APLIKASI WEB. Universitas Janabadra. 4.0/5.0. 05-08-2020 ... PEMBELAJARAN BAHASA JAWA DI SEKOLAH DASAR S1 Pendidikan Guru Sekolah Dasar.,10,,
BISA AI - AI For Everyone,https://bisa.ai/,"Belajar bahasa asing kini lebih mudah, fleksibel, dan menyenangkan. Kuasai ... Serunya ikut BOOTCAMP CNN, kami dapat belajar secara mandiri dengan aplikasi ...",1,,
SIPKA - GURU | Kementerian Pendidikan Dasar dan Menengah,https://gtk.dikdasmen.go.id/sipka/,Terbangunnya motivasi dan semangat belajar untuk senantiasa belajar sepanjang hayat; ... Pendidikan Bahasa Indonesia; Pendidikan Bahasa Inggris; Pendidikan ...,2,,
Belajar Bahasa Mandarin dengan AI untuk Pemula,https://www.tiktok.com/@patriciangelss/video/7457522515024432389,"1-9Reply. 1. user1328885015912. Pake aplikasi AI apaan ? 1-9Reply. 2. penguin. gw ngefanssss ama lu ci, kerennn . 1-10Reply. 1. utaryn. pinter ...",3,,
Beranda | silayar,https://silayar.ut.ac.id/,Sistem Layanan Belajar Universitas Terbuka (Silayar UT) adalah platform online yang digunakan oleh dosen dan mahasiswa UT untuk belajar.,4,,
"Tes Gaya Belajar - Kamu Visual, Auditori atau Kinestetik?",https://akupintar.id/mp/tes-gaya-belajar,"Ada 3 tipe gaya belajar yakni Visual, Auditoril, Kinestetik yang diperkenalkan oleh Bobbi DePorter dan Mike Hernacki. Ikuti tes gaya belajar gratis di Aku ...",5,,
"10 Aplikasi Belajar Bahasa Asing untuk Anak, Download ...",https://www.orami.co.id/magazine/aplikasi-belajar-bahasa-asing-anak,Pilihan Aplikasi Belajar Bahasa Asing untuk Anak Â· 1. Duolingo Â· 2. Stories by Gus on The Go Â· 3. Mondly Â· 4. Memrise Â· 5. Drops Â· 6. My Very ...,6,,
Coding Camp 2026 powered by DBS Foundation,https://www.dbs.com/spark/index/id_id/site/codingcamp/index.html,"Menawarkan ilmu yang tak terbatas dalam bidang teknologi, soft skills, bahasa Inggris, dan literasi keuangan. ... Belajar Fundamental Aplikasi Web dengan React.",7,,
Download Center untuk Aplikasi dan Plugin Zoom,https://zoom.us/id/download,"Unduh aplikasi, plugin, dan add-on Zoom untuk perangkat seluler, desktop, browser web, dan sistem operasi ... Bahasa. Bahasa Indonesia. English; EspaÃ±ol; Deutsch ...",8,,
Brain Academy: Bimbel Online & Offline Terbaik di Indonesia,https://www.brainacademy.id/,"Fasilitas Klinik PR, aplikasi Ruangguru dan ruang kelas yang nyaman sangat membantuku untuk fokus belajar dengan Master Teacher. Bimbel di Ruangguru membuat aku ...",9,,
Beranda - minori.co.id,https://minori.co.id/,Kami memiliki 2 Program Pembelajaran Bahasa Jepang yang dikembangkan sendiri dan dipelajari melalui aplikasi yaitu Aplikasi â€œMinori Eduâ€ dan Aplikasi â€œJFT ...,10,,
Google Translate tambah fitur terjemahan real-time via ...,https://kalteng.antaranews.com/berita/798211/google-translate-tambah-fitur-terjemahan-real-time-via-headphone,... belajar bahasa di Google Translate dengan aplikasi pembelajaran bahasa populer seperti Duolingo. Pewarta : - Editor : Admin Portal COPYRIGHT ...,1,,
Download Center untuk Aplikasi dan Plugin Zoom,https://zoom.us/id/download,"Unduh aplikasi, plugin, dan add-on Zoom untuk perangkat seluler, desktop, browser web, dan sistem operasi ... Bahasa. Bahasa Indonesia. English; EspaÃ±ol; Deutsch ...",2,,
Reel by Kursus Bahasa Inggris - Kampung Inggris LC ...,https://www.instagram.com/reel/DSL4OA-kivN/,"______. Liburan di Kampung Inggris LC tuh lebih dari asik, having fun sambil belajar, tau-tau bahasa Inggris makin lancarâœ¨ ... âœ“ Plus Aplikasi ...",3,,
Google Translate Bisa Terjemahkan Percakapan Langsung di ...,https://inet.detik.com/consumer/d-8260832/google-translate-bisa-terjemahkan-percakapan-langsung-di-semua-headphone,"... bahasa. Fitur ini mirip aplikasi belajar bahasa seperti Duolingo, namun langsung terintegrasi di Translate. Practice kini tersedia di 20 ...",4,,
Privatalfaiz.id | Bimbel Online dan Tryout | UTBK | SKD | CPNS,https://privatalfaiz.id/,"Belajar Seru - Belajar di Al Faiz dijamin seru, interaktif dan tidak membosankan! ... Kak Dedy. Super Teacher Bahasa Indonesia & Inggris. â€œDo the best and ...",5,,
CamScanner meningkatkan efisiensi belajar anda,https://www.camscanner.com/in-id,"Mendukung pengenalan dalam 41 bahasa, termasuk Inggris, Cina, Jepang, dan Korea. ... Lebih dari sekadar pemindai, aplikasi ini memungkinkan Anda memberi ...",6,,
Aplikasi Belajar Bahasa Inggris Lengkap & Gratis,https://www.youtube.com/watch?v=DkWOR4glmd0,"Aplikasi Yang Cocok Untuk Belajar Bahasa Inggris GRATIS | Speaking, Grammar & Pronunciation #inggris #titiknolenglish #bahasainggris ...",7,,
Beranda - minori.co.id,https://minori.co.id/,Kami memiliki 2 Program Pembelajaran Bahasa Jepang yang dikembangkan sendiri dan dipelajari melalui aplikasi yaitu Aplikasi â€œMinori Eduâ€ dan Aplikasi â€œJFT ...,8,,
Arti kata - Kamus Besar Bahasa Indonesia (KBBI) Online,https://kbbi.web.id/,Aplikasi Kamus Besar Bahasa Indonesia (KBBI) ini merupakan KBBI Daring (Dalam Jaringan / Online tidak resmi) yang dibuat untuk memudahkan pencarian ...,9,,
Rekomendasi Website dan Aplikasi Belajar Efektif,https://www.tiktok.com/@metadigital.az/video/7583690050165099794,"Keywords: website untuk belajar bahasa Inggris, aplikasi TV digital tanpa internet, rekomendasi website belajar, belajar online bahasa Inggris, ...",10,,
Belajar Bahasa Mandarin dengan AI untuk Pemula,https://www.tiktok.com/@patriciangelss/video/7457522515024432389,"1-9Reply. 1. user1328885015912. Pake aplikasi AI apaan ? 1-9Reply. 2. penguin. gw ngefanssss ama lu ci, kerennn . 1-10Reply. 1. utaryn. pinter ...",1,,
8 Aplikasi Belajar Bahasa Inggris yang Harus Kamu Coba,https://percepat.com/aplikasi-belajar-bahasa-inggris/,"Aplikasi duolingo merupakan aplikasi belajar bahasa Inggris yang menggunakan sistem bertingkat, mulai dari sangat dasar sekali hingga tingkat ...",2,,
10 Aplikasi Belajar Berbagai Bahasa Terbaik Di Android,https://antusiastekno.web.id/aplikasi-belajar-bahasa-terbaik-android/,10 Aplikasi Belajar Berbagai Bahasa Terbaik Di Android Â· 1. Memrise Â· 2. Duolingo Â· 3. LinguaLift Â· 4. Hello Talk Â· 5. Busuu Â· 6. Babbel Â· 7. Language ...,3,,
Top Aplikasi Belajar Bahasa Terbaik untuk Menguasai ...,https://talkpal.ai/top-aplikasi-belajar-bahasa-terbaik-untuk-menguasai-bahasa-dengan-cepat/,"Aplikasi belajar bahasa, or language learning applications, have surged in popularity due to their accessibility, flexibility, and personalized learning paths.",4,,
Jangan Kaget! Jepang Setara dengan Laos Soal ...,https://www.cnbcindonesia.com/research/20251214131627-128-694006/jangan-kaget-jepang-setara-dengan-laos-soal-kemampuan-bahasa-inggris,Sejumlah pendidik di Jepang menilai kemajuan teknologi justru menurunkan urgensi belajar bahasa asing. Aplikasi penerjemah instan dan ...,5,,
5 Aplikasi Ini Bisa Bikin Kamu Jago Bahasa Inggris dalam ...,https://www.youtube.com/watch?v=1ySElVtVgGI,"Gang, Menguasai bahasa Inggris pada jaman seperti sekarang ini merupakan suatu keharusan. Belajar bahasa Inggris bisa menjadi modal penting ...",6,,
Cara untuk bermain dan belajar bahasa Inggris,https://www.facebook.com/guru.ilfiyanti/posts/cara-untuk-bermain-dan-belajar-bahasa-inggris-1-buka-google-chrome-di-smart-tv-a/10224947408351060/,Cara untuk bermain dan belajar bahasa Inggris : 1. Buka google chrome ... aplikasi lalu instal dulu. 6. Jika sudah instal klik mainkan ...,7,,
Pelajar UUM hasilkan aplikasi interaktif belajar bahasa ...,https://www.bharian.com.my/berita/pendidikan/2025/12/1486395/pelajar-uum-hasilkan-aplikasi-interaktif-belajar-bahasa-mandarin,SINTOK: Kesukaran mempelajari bahasa asing mendorong pelajar Universiti Utara Malaysia (UUM) menghasilkan aplikasi â€œNihaoNowâ€ untuk ...,8,,
"5 Aplikasi Terbaik untuk Belajar Bahasa Baru, Ada yang ...",https://www.idntimes.com/tech/trend/5-aplikasi-terbaik-untuk-belajar-bahasa-baru-ada-yang-gratis-01-337j2-s9wsc3,"5 Aplikasi Terbaik untuk Belajar Bahasa Baru, Ada yang Gratis! Â· 1. Duolingo Â· 2. HelloTalk Â· 3. Mindsnacks Â· 4. Busuu Â· 5. Babbel. Watch on ...",9,,
Aplikasi Edukasi & Bahasa Penting untuk Android,https://id.uptodown.com/android/education-languages/53,"Akses penerjemah bahasa yang intuitif, alat bantu belajar yang lengkap, dan platform pembelajaran inovatif dalam satu tempat. Lebih lagi, aplikasi-aplikasi ini ...",10,,
Aplikasi Edukasi & Bahasa Penting untuk Android,https://id.uptodown.com/android/education-languages/53,"Akses penerjemah bahasa yang intuitif, alat bantu belajar yang lengkap, dan platform pembelajaran inovatif dalam satu tempat. Lebih lagi, aplikasi-aplikasi ini ...",1,,
Duolingo: Mengenal Aplikasi Belajar 60+ Bahasa,https://www.youtube.com/watch?v=DgppJGVNbhU,"Selamat menjemput akhir tahun semua! Nah, divideo kali ini saya akan sharing tentang Duolingo, sebuah aplikasi belajar bahasa gratis yang ...",2,,
LingoDeer - Learn Languages - Aplikasi di Google Play,https://play.google.com/store/apps/details?id=com.lingodeer&hl=id,"LingoDeer telah tersedia dalam bahasa Mandarin, bahasa Jepang, bahasa Korea, bahasa Inggris dll dengan kualitas pembelajaran yang tinggi.",3,4.5,446342
Ruang GTK,https://pusatinformasi.rumahpendidikan.kemendikdasmen.go.id/hc/id/categories/44586577246105-Ruang-GTK,"Ruang GTK dirancanang sebagai ruang belajar dan inspirasi yang dirancang untuk Guru, Kepala Sekolah, Pengawas Sekolah, dan Tenaga Kependidikan. Ruang belajar ...",4,,
6 Aplikasi Terbaik untuk Belajar Bahasa Asing,https://www.lemon8-app.com/@umma.maudyra/7349394062572732929?region=id,"Duolingo, Cake, Memrise, dan Elsa adalah beberapa aplikasi yang populer dan efektif. Duolingo menawarkan pendekatan game yang menyenangkan, ...",5,,
Belajar Mandarin dengan Aplikasi yang Menarik,https://www.tiktok.com/@stimandarin/video/7581416592186150164,"#BelajarMandarin #learnchinese. Keywords: Belajar kosakata Mandarin, tips belajar Mandarin, aplikasi belajar bahasa, cara mudah belajar Mandarin ...",6,,
Pelajari bahasa Indonesia dengan metode yang efektif,https://id.duolingo.com/course/id/en/Pelajari-Bahasa-Indonesia,"Belajar bersama Duolingo itu seru dan terbukti efektif berdasarkan penelitian! Dengan pelajaran kecil dan cepat, kamu akan mendapat poin dan membuka level-level ...",7,,
"Apa itu Coding? Ini Pengertian, Manfaat, dan Contohnya ...",https://docif.telkomuniversity.ac.id/apa-itu-coding-ini-pengertian-manfaat-dan-contohnya-lengkap/,"Python adalah bahasa pemrograman serbaguna yang terkenal mudah dipelajari. Python sering digunakan dalam pengembangan aplikasi, analisis data, ...",8,,
Jago Bahasa Asing Tanpa Kursus dengan 4 Aplikasi Ini,https://www.liputan6.com/tekno/read/3996279/jago-bahasa-asing-tanpa-kursus-dengan-4-aplikasi-ini,"Nah, ini salah satu aplikasi populer lainnya. Duolingo mengajarkan bahasa asing dari dasar dengan metode yang mudah dipahami, ditambah lagi ...",9,,
Ruang Murid - Rumah Pendidikan,https://rumah.pendidikan.go.id/ruang/murid,Sumber Belajar. Portal pembelajaran digital interaktif untuk semua jenjang ... Unduh Aplikasi Rumah Pendidikan. Download Rumah Pendidikan on Google Play ...,10,,
Belajar Mandarin dengan Aplikasi yang Menarik,https://www.tiktok.com/@stimandarin/video/7581416592186150164,"Kunjungi untuk pembelajaran bahasa asing yang menyenangkan! #BelajarMandarin #learnchinese. Keywords: Belajar kosakata Mandarin, tips belajar ...",1,,
Hiragana | Cara Mudah Berbahasa Jepang,https://www3.nhk.or.jp/nhkworld/lesson/id/letters/hiragana.html,"Belajar cara menulis dan membaca Hiragana, salah satu suku kata dasar bahasa Jepang. Unduh tabel PDF Hiragana, gratis. Lembaga penyiaran publik Jepang, NHK, ...",2,,
"Apa itu Coding? Ini Pengertian, Manfaat, dan Contohnya ...",https://docif.telkomuniversity.ac.id/apa-itu-coding-ini-pengertian-manfaat-dan-contohnya-lengkap/,"Artikel ini akan membahas secara lengkap mengenai arti coding, manfaat belajar coding, jenis bahasa pemrograman yang dapat dipelajari, serta ...",3,,
Gemini untuk Mahasiswa â€” asisten belajar berteknologi AI ...,https://gemini.google/id/students/?hl=id,"Tersedia di negara dan bahasa tertentu, serta bagi pengguna berusia 18 tahun ke atas. ... Aplikasi Â· Gem Â· Gemini di Chrome Â· Konteks Panjang Â· Mahasiswa. Tentang ...",4,,
10 Aplikasi Bahasa Asing Terjangkau dan Efektif,https://www.lemon8-app.com/@oydwis/7389403559340638721?region=id,"**Duolingo**: Belajar bahasa dengan cara seru dan interaktif, GRATIS! **LingoDeer**: Khusus buat kamu yang mau belajar bahasa Jepang dan ...",5,,
APLIKASI BELAJAR BAHASA INGGRIS GRATIS DAN ...,https://www.youtube.com/watch?v=c-I8-Gp7amw,Comments ; FREE ONLINE ENGLISH LEARNING APPLICATION â—GRAMMAR SMASH APP REVIEW Â· Auto-dubbed 2.3K views ; Belajar Bahasa Inggris Dengan Cepat dan ...,6,,
Tes Kemampuan,https://akupintar.id/mp/tes-kemampuan,"Ikuti tes kemampuan gratis dengan teori Kecerdasan Majemuk oleh Howard Gardner, dikenal juga Multiple Intelligence Test di aplikasi Aku Pintar sekarang.",7,,
Belajar Fleksibel dan Kids-Friendly di Kelas Bahasa ...,https://www.detik.com/edu/edutainment/d-8266860/belajar-fleksibel-dan-kids-friendly-di-kelas-bahasa-inggris-bareng-natieva,"Untuk kamu yang ingin memberikan pengalaman belajar terbaik, Natieva Kids menawarkan pilihan paket paket 4 sesi atau paket 8 sesi kelas privat ...",8,,
"Toko yang awalnya berjualan barang bekas ini, kemudian ...",https://www.instagram.com/reel/DSeBVMnkrxU/,... aplikasi kumparan di App Store atau Google Play ... belajar bahasa Inggris dan saya juga menyediakan buku mereka untuk baca.,9,,
Bahasa Indonesia untuk SMP Kelas VII,https://static.buku.kemdikbud.go.id/content/pdf/bukuteks/kurikulum21/BAHASA%20INDONESIA-BS-KLS%20VII.pdf,"Di bangku. SMP ini, kalian mendapatkan teman baru dan materi belajar baru. ... 3.Cobalah aplikasi video editor yang kamu kuasai melalui ponsel atau laptopmu ...",10,,
5 Aplikasi Ini Bisa Bikin Kamu Jago Bahasa Inggris dalam ...,https://www.youtube.com/watch?v=1ySElVtVgGI,"Gang, Menguasai bahasa Inggris pada jaman seperti sekarang ini merupakan suatu keharusan. Belajar bahasa Inggris bisa menjadi modal penting ...",1,,
Belajar Bahasa Inggris di Kampung Inggris Bandung EPLC,https://www.tiktok.com/@kampunginggrisbdg/video/7583008002337295636,"113 Likes, TikTok video from Kampung Inggris EPLC (@kampunginggrisbdg): â€œGabung bersama Kampung Inggris Bandung EPLC untuk belajar bahasa ...",2,,
"Kak, jurusan Hubungan Internasional (HI) susah cari kerja ...",https://www.instagram.com/reel/DSe1t3Mk3cc/,"... belajar men-develop aplikasi sebagai solusi untuk permasalahan ... Bahasa Indonesia, Italiano, æ—¥æœ¬èª, í•œêµ­ì–´, Bahasa Melayu, Norsk ...",3,,
Belajar bahasa - FunEasyLearn - Aplikasi di ...,https://play.google.com/store/apps/details?id=com.funeasylearn.languages&hl=id,"Belajar Bahasa Inggris, Spanyol, Jerman, Cina, Prancis, Rusia, atau 28 bahasa lain secara GRATIS & offline dengan FunEasyLearn.",4,4.6,31571
[Ngobrast] Eps.4 | Aplikasi Belajar [Semua] Bahasa Inggris,https://www.youtube.com/watch?v=U9CdcxMcHHg,Aplikasi Belajar [Semua] Bahasa Inggris Namanya Tandem Language Exchange Kalian Bisa Download di App Store atau Play Store yah.,5,,
SIBI - Sistem Informasi Perbukuan Indonesia,https://buku.kemendikdasmen.go.id/,"Buku teks pelajaran sekolah dalam berbagai bentuk seperti PDF, Audio, dan Interaktif produksi resmi Pusat Perbukuan untuk mendukung kegiatan belajar ...",6,,
Tajik - Arabic - Bahasa Indonesia - Javanese Comparison ...,https://www.instagram.com/reel/DSb5CBHkSTf/,"Belajar bahasa daerah itu seru, yuk lestarikan bersama âœ¨ #tuku ... Ohiya, kalian juga bisa menggunakan aplikasi Hello Talk untuk berkomunikasi ...",7,,
3 Aplikasi Terbaik Belajar Bahasa Inggris Untuk ...,https://www.youtube.com/watch?v=EJhH9zP7__I,Pada video saya kali ini saya akan membagi satu pengetahuan yang berjudul 3 Aplikasi Terbaik Belajar Bahasa Inggris Untuk Membuatmu Percaya ...,8,,
Webinar Gratis: Persiapan Bahasa Inggris untuk Beasiswa,https://www.tiktok.com/@lailaintanps/video/7575914842536643858,ã„ã„ã­ã®æ•°ï¼š174lntan | Student in Japan (@lailaintanps)ã®TikTok (ãƒ†ã‚£ãƒƒã‚¯ãƒˆãƒƒã‚¯) å‹•ç”»ï¼šã€ŒIkuti webinar gratis tentang cara efektif belajar ...,9,,
TikTok Menandatangani Kesepakatan Bentuk Usaha ...,https://www3.nhk.or.jp/nhkworld/id/news/20251220_N01/,"Sejumlah media Amerika Serikat (AS) melaporkan bahwa ByteDance, perusahaan induk asal Cina dari aplikasi berbagi video TikTok, ...",10,,
Katakana | Cara Mudah Berbahasa Jepang,https://www3.nhk.or.jp/nhkworld/lesson/id/letters/katakana.html,"Belajar cara menulis dan membaca Katakana, salah satu suku kata dasar bahasa Jepang. Unduh tabel PDF Katakana, gratis. Lembaga penyiaran publik Jepang, NHK, ...",1,,
"Kak, jurusan Hubungan Internasional (HI) susah cari kerja ...",https://www.instagram.com/reel/DSe1t3Mk3cc/,"... belajar men-develop aplikasi sebagai solusi untuk permasalahan ... Bahasa Indonesia, Italiano, æ—¥æœ¬èª, í•œêµ­ì–´, Bahasa Melayu, Norsk ...",2,,
Belajar bahasa - FunEasyLearn - Aplikasi di ...,https://play.google.com/store/apps/details?id=com.funeasylearn.languages&hl=id,"Belajar Bahasa Inggris, Spanyol, Jerman, Cina, Prancis, Rusia, atau 28 bahasa lain secara GRATIS & offline dengan FunEasyLearn.",3,4.6,31571
Bagaimana Perkembangan Teknologi Kelas BIPA di Era ...,https://www.kompasiana.com/rikadabuke1322/693fe707c925c47a7b4ac5f2/belajar-bahasa-indonesia-bagaimana-perkembangan-teknologi-kelas-bipa-di-era-digital,Bayangkan pembelajar BIPA belajar Bahasa Indonesia lewat teknologi seperti zoom dan lain sebagainya.,4,,
Review Aplikasi Babbel - Learn Languages yang ada di ...,https://www.youtube.com/watch?v=7tHpTSCj1xM,Review Aplikasi Babbel - Learn Languages yang ada di Playstore | Aplikasi Belajar Bahasa Asing Â· Comments.,5,,
Ngobrol Asik tentang Bahasa Korea dan Cina,https://www.tiktok.com/@dinareonni/video/7583310522959891732,"6657 Likes, 73 Comments. TikTok video from DINAR (@dinareonni): â€œBergabunglah dalam episode kedua NGOCEH KOREA dengan Dinar untuk belajar ...",6,,
Tajik - Arabic - Bahasa Indonesia - Javanese Comparison ...,https://www.instagram.com/reel/DSb5CBHkSTf/,"Belajar bahasa daerah itu seru, yuk lestarikan bersama âœ¨ #tuku ... Ohiya, kalian juga bisa menggunakan aplikasi Hello Talk untuk berkomunikasi ...",7,,
Rekomendasi Aplikasi Belajar Bahasa Asing Untuk Pemula,https://ryuukoi.id/rekomendasi-aplikasi-belajar-bahasa-asing-untuk-pemula/,"Duolingo adalah salah satu aplikasi paling populer untuk belajar bahasa. Dengan pendekatan yang gamified, aplikasi ini membuat belajar terasa ...",8,,
Mondly Language Aplikasi Belajar Bahasa Inggris Jadi ...,https://www.youtube.com/watch?v=0kv9hYkXiUE,"Mondly Language Aplikasi Belajar Bahasa Inggris Jadi Mudah dan Cepat. Belajar bahasa Inggris, Spanyol, Perancis, Jerman, Itali dan 30 bahasa ...",9,,
Metode Belajar Bahasa Korea dengan Mudah,https://www.tiktok.com/@dewiya___/video/7583555199210507541,"... belajar bahasa, belajar bahasa Korea face to face, aplikasi belajar bahasa Korea, materi belajar bahasa Korea, tips belajar bahasa Korea. ì´ ...",10,,
Belajar Bahasa Inggris Gampang Pake Aplikasi Ini Aja,https://www.youtube.com/watch?v=yzqyk3ier0M,Belajar Bahasa Inggris Gampang Pake Aplikasi Ini Aja | Speaking Auto Lancar | Cobain 30 Hari Deh Â· Comments.,1,,
Metode Belajar Bahasa Korea dengan Mudah,https://www.tiktok.com/@dewiya___/video/7583555199210507541,"... belajar bahasa, belajar bahasa Korea face to face, aplikasi belajar bahasa Korea, materi belajar bahasa Korea, tips belajar bahasa Korea. ì´ ...",2,,
SIBI - Sistem Informasi Perbukuan Indonesia,https://buku.kemendikdasmen.go.id/,"Buku teks pelajaran sekolah dalam berbagai bentuk seperti PDF, Audio, dan Interaktif produksi resmi Pusat Perbukuan untuk mendukung kegiatan belajar ...",3,,
Mondly Language Aplikasi Belajar Bahasa Inggris Jadi ...,https://www.youtube.com/watch?v=0kv9hYkXiUE,"Mondly Language Aplikasi Belajar Bahasa Inggris Jadi Mudah dan Cepat. Belajar bahasa Inggris, Spanyol, Perancis, Jerman, Itali dan 30 bahasa ...",4,,
siapanih yg samaan???,https://www.tiktok.com/@lailaintanps/video/7581790905791712520,"belajar bahasa Jepang online, cara belajar bahasa Jepang, aplikasi belajar bahasa Jepang, latih speaking bahasa Jepang, tips lancar bicara ...",5,,
"Ken lain kali tanya2 sama papi aja, kalo sama mami asbun ...",https://www.instagram.com/reel/DScdjYAjxqD/,Tumben mami tahu iyalah kan Mami baca Mami sering Galaxy Tab A11 ini bisa pakai SIM card dan Wi-Fi jadi kan tetap bisa belajar kapan saja di ...,6,,
Belajar bahasa Indonesia - Aplikasi di Google Play,https://play.google.com/store/apps/details?id=com.funeasylearn.indonesian&hl=id,"Belajar dari 61 bahasa asli, secara gratis & offline, dengan FunEasyLearn. ... Cari tahu cara mudah & menyenangkan belajar semua peraturan membaca, semua kata ...",7,4.9,1673
Katakana | Cara Mudah Berbahasa Jepang,https://www3.nhk.or.jp/nhkworld/lesson/id/letters/katakana.html,"Belajar cara menulis dan membaca Katakana, salah satu suku kata dasar bahasa Jepang. Unduh tabel PDF Katakana, gratis. Lembaga penyiaran publik Jepang, NHK, ...",8,,
girls really don't ask for muchâ€¦ just this ğŸ˜ŒğŸ #KerastaseID ...,https://www.tiktok.com/@bukancecil/video/7582586990122601735,"... aplikasi kursus Mandarin online, aplikasi translate untuk China, aplikasi belajar bahasa Mandarin. suara asli - BELAJAR MANDARIN PARE Â· Real ...",9,,
"15 Rekomendasi Game Islami Anak, Seru dan Mendidik!",https://www.orami.co.id/magazine/game-islami-anak,Aplikasi ini mendukung 16 bahasa internasional termasuk Bahasa ... Belajar Bahasa Arab + Suara. Belajar Bahasa Arab + Suara. Foto: Belajar ...,10,,
Voca AI,https://www.tiktok.com/@daffa.vocaai/video/7584765284003695893,"app untuk belajar bahasa Inggris, rekomendasi aplikasi belajar bahasa, cara belajar bahasa Inggris yang seru, aplikasi gratis untuk belajar ...",1,,
Belajar Inggris - Aplikasi di Google Play,https://play.google.com/store/apps/details?id=com.atistudios.ispeak.en&hl=id,"Belajar bahasa Inggris dengan materi gratis tiap harinya. Dengan Mondly, belajar bahasa Inggris jadi cepat dan efektif. Dalam hitungan menit, Kamu bisa ...",2,4.6,104593
Belajar Bahasa Indonesia - Aplikasi di Google Play,https://play.google.com/store/apps/details?id=simply.learn.indonesian&hl=id,Pelajari kosa kata mu dengan kartu flash menggunakan teknik repetisi luang. Uji pengetahuan mu dengan kuis menyenangkan bahasa Bahasa Indonesia dan tinjau skor ...,3,3.9,430
Belajar bahasa Indonesia - Aplikasi di Google Play,https://play.google.com/store/apps/details?id=com.funeasylearn.phrasebook.indonesian&hl=id,"Aplikasi FunEasyLearn meningkatkan kemampuan bahasa Indonesia Anda: speaking, listening, dan grammar. Kamus dalam aplikasi memiliki pengucapan suara untuk tiap ...",4,4.5,253
EWA: Belajar Bahasa Inggris - Aplikasi di Google Play,https://play.google.com/store/apps/details?id=com.ewa.ewaapp&hl=id,"Pelajari bahasa inggris dengan metode yang unik di aplikasi EWA, yang terdiri dari: kursus online berbasis topik, percakapan, tokoh utama film dan serial, ...",5,4.8,928112
Lingbe: Berlatih bahasa - Aplikasi di Google Play,https://play.google.com/store/apps/details?id=com.lingbe.app&hl=id,HANYA MEMATIKAN TOMBOL PANGGILAN DAN MULAI MENGAKTIFKAN BAHASA LURUS SEKALI !! Lingbe adalah aplikasi pertukaran bahasa utama. Cara terbaik untuk belajar ...,6,4.1,50300
Belajar Bahasa Inggris: Bicara - Aplikasi di ...,https://play.google.com/store/apps/details?id=com.silvermoonapps.learnenglishlanguageculturelite&hl=id,"Belajar bahasa Inggris, alfabet dan tata bahasa dengan LuvLingua. Mulai pengalaman belajar yang sudah dinikmati jutaan orang di seluruh dunia.",7,4.4,32118
Lingutown - Belajar Bahasa - Aplikasi di Google Play,https://play.google.com/store/apps/details?id=com.learnlanguage.languagelearning.app2022&hl=id,"Lingutown memungkinkan pengguna kami membaca kata atau frasa, mengucapkannya dengan benar, mengaitkannya dengan ilustrasi, dan mempraktikkannya dengan permainan ...",8,4.2,20850
Bahasa Inggris Untuk Pemula! - Aplikasi di ...,https://play.google.com/store/apps/details?id=com.plus1s.neya&hl=id,Bahasa Inggris untuk Pemula. Itu awal yang cepat! Apakah Anda ingin belajar bahasa Inggris dengan mudah dan cepat? Apakah Anda ingin belajar bahasa Inggris ...,9,4.6,170566
Wlingua: Aprende inglÃ©s - Aplikasi di Google Play,https://play.google.com/store/apps/details?id=com.wlingua.curso&hl=id,"Belajar bahasa Inggris tidak pernah semudah ini. Ini sempurna untuk Anda, apakah Anda memiliki tingkat bahasa Inggris pemula, menengah atau lanjutan.",10,4.7,445757
Mau belajar banyak bahasa gratis? Cobain aplikasi ini,https://www.youtube.com/watch?v=HpPitsVDnPA,"Hai.. Hai Sobat HI, kalau kamu mau belajar banyak bahasa, kamu wajib coba aplikasi Duolingo! Bukan cuma bahasa inggris, tapi juga belajar ...",1,,
Cara Pakai Aplikasi Duolingo 2023 | #BICARA Eps. 67,https://www.youtube.com/watch?v=XJNZiVOIk4o,Duolingo - Cara Pakai Aplikasi Duolingo 2023 | #BICARA Eps. 67 Â· Comments.,2,,
ADAB BERBICARA ğŸŒ· #adab #anakindonesia #laguedukasi,https://www.tiktok.com/@rahmadanidiary/video/7586081585779215636,"... bahasa arab online, pelajaran bahasa arab, bahasa arab 1 sampai 10, metode belajar bahasa arab, aplikasi belajar bahasa arab, tips belajar ...",3,,
Tips Belajar Bahasa Inggris di Stimuler,https://www.tiktok.com/@steven.stimuler/video/7582917518151421202,"Keywords: belajar bahasa Inggris, tips belajar bahasa, aplikasi belajar bahasa Inggris, cara speaking bahasa Inggris, kesalahan umum bahasa ...",4,,
Kalau ada yang lagi nyicil persiapan kuliah ke luar negeri ...,https://www.instagram.com/genadaasaika/reel/DSfBB2ck6x9/,"Seperti misalnya aplikasi di sini kita bisa belajar bahasa Inggris lewat video-video hiburan, film pendek, vlog dan konten lain yang menarik.",5,,
Falou: Belajar Bahasa Inggris - Aplikasi di Google Play,https://play.google.com/store/apps/details?id=com.moymer.falou&hl=id,"Falou adalah pelengkap terbaik untuk studi bahasa Anda dan akan membantu Anda belajar bahasa Inggris, Spanyol, Prancis, Jerman, dan banyak bahasa lainnya lebih ...",6,4.7,838516
Beranda - KBBI VI Daring,https://kbbi.kemdikbud.go.id/Beranda,Aplikasi Penyuntingan Ejaan Bahasa Indonesia (Sipebi). Merupakan aplikasi yang berfungsi untuk melakukan perbaikan/penyuntingan teks bahasa Indonesia ...,7,,
Jauh-jauh ke Taiwan cuma buat donat ini ğŸ˜­ğŸ‡¹ğŸ‡¼ ...,https://www.tiktok.com/@kellykorea/video/7585860728452664594,"... aplikasi HelloTalk untuk komunikasi, belajar bahasa dengan ... belajar bahasa Inggris di Korea, praktik berbicara bahasa Inggris, bahasa ...",8,,
Belajar Bahasa Indonesia - Aplikasi di Google Play,https://play.google.com/store/apps/details?id=simply.learn.indonesian&hl=id,Pelajari kosa kata mu dengan kartu flash menggunakan teknik repetisi luang. Uji pengetahuan mu dengan kuis menyenangkan bahasa Bahasa Indonesia dan tinjau skor ...,9,3.9,430
25 MOST IMPORTANT EXCEL FORMULAS - BECOME AN ...,https://www.youtube.com/watch?v=f0aM8mzXUTQ,... Belajar Excel dari Nol https://lynk.id/ignasiusryan/D8p04vG E-book 72 Rumus Excel https://lynk.id/ignasiusryan/kKgPP4W ğŸï¸ E-book 100 ...,10,,
Belajar Inggris - Aplikasi di Google Play,https://play.google.com/store/apps/details?id=com.atistudios.ispeak.en&hl=id,"Belajar bahasa Inggris dengan materi gratis tiap harinya. Dengan Mondly, belajar bahasa Inggris jadi cepat dan efektif. Dalam hitungan menit, Kamu bisa ...",1,4.6,104593
25 MOST IMPORTANT EXCEL FORMULAS - BECOME AN ...,https://www.youtube.com/watch?v=f0aM8mzXUTQ,... Belajar Excel dari Nol https://lynk.id/ignasiusryan/D8p04vG E-book 72 Rumus Excel https://lynk.id/ignasiusryan/kKgPP4W ğŸï¸ E-book 100 ...,2,,
Cakap - Belajar Online - Aplikasi di Google Play,https://play.google.com/store/apps/details?id=com.squline.student&hl=id,"Cakap menawarkan berbagai macam program bahasa asing untuk dewasa meningkatkan kemampuan berbahasa Inggris, bahasa Mandarin, bahasa Jepang, dan bahasa Korea ...",3,4.9,62244
Belajar bahasa Indonesia - Aplikasi di Google Play,https://play.google.com/store/apps/details?id=com.funeasylearn.phrasebook.indonesian&hl=id,"Aplikasi FunEasyLearn meningkatkan kemampuan bahasa Indonesia Anda: speaking, listening, dan grammar. Kamus dalam aplikasi memiliki pengucapan suara untuk tiap ...",4,4.5,253
Voca AI,https://www.tiktok.com/@daffa.vocaai/video/7584765284003695893,"app untuk belajar bahasa Inggris, rekomendasi aplikasi belajar bahasa, cara belajar bahasa Inggris yang seru, aplikasi gratis untuk belajar ...",5,,
Belajar Bahasa - LinGo Play - Aplikasi di Google Play,https://play.google.com/store/apps/details?id=ru.ipartner.lingo&hl=id,Aplikasi belajar bahasa LinGo Play adalah pelatih kosa kata yang menarik dan efektif untuk belajar kata-kata dan frase melalui kartu flash dan permainan ...,6,3.8,4504
EWA: Belajar Bahasa Inggris - Aplikasi di Google Play,https://play.google.com/store/apps/details?id=com.ewa.ewaapp&hl=id,"Pelajari bahasa inggris dengan metode yang unik di aplikasi EWA, yang terdiri dari: kursus online berbasis topik, percakapan, tokoh utama film dan serial, ...",7,4.8,928112
Speakly: Belajar Bahasa Cepat - Aplikasi di Google Play,https://play.google.com/store/apps/details?id=com.owlab.speakly&hl=id,"Belajar bahasa Inggris, Spanyol, Jerman dan lebih banyak bahasa dengan Speakly!",8,4.3,13892
Lingbe: Berlatih bahasa - Aplikasi di Google Play,https://play.google.com/store/apps/details?id=com.lingbe.app&hl=id,HANYA MEMATIKAN TOMBOL PANGGILAN DAN MULAI MENGAKTIFKAN BAHASA LURUS SEKALI !! Lingbe adalah aplikasi pertukaran bahasa utama. Cara terbaik untuk belajar ...,9,4.1,50300
Bahasa Inggris Untuk Pemula! - Aplikasi di ...,https://play.google.com/store/apps/details?id=com.plus1s.neya&hl=id,Bahasa Inggris untuk Pemula. Itu awal yang cepat! Apakah Anda ingin belajar bahasa Inggris dengan mudah dan cepat? Apakah Anda ingin belajar bahasa Inggris ...,10,4.6,170566
Lingutown - Belajar Bahasa - Aplikasi di Google Play,https://play.google.com/store/apps/details?id=com.learnlanguage.languagelearning.app2022&hl=id,"Lingutown memungkinkan pengguna kami membaca kata atau frasa, mengucapkannya dengan benar, mengaitkannya dengan ilustrasi, dan mempraktikkannya dengan permainan ...",1,4.2,20850
Belajar Bahasa Inggris: Bicara - Aplikasi di ...,https://play.google.com/store/apps/details?id=com.silvermoonapps.learnenglishlanguageculturelite&hl=id,"Belajar bahasa Inggris, alfabet dan tata bahasa dengan LuvLingua. Mulai pengalaman belajar yang sudah dinikmati jutaan orang di seluruh dunia.",2,4.4,32118
Wlingua: Aprende inglÃ©s - Aplikasi di Google Play,https://play.google.com/store/apps/details?id=com.wlingua.curso&hl=id,"Belajar bahasa Inggris tidak pernah semudah ini. Ini sempurna untuk Anda, apakah Anda memiliki tingkat bahasa Inggris pemula, menengah atau lanjutan.",3,4.7,445757
Speak - Belajar Bahasa Inggris - Aplikasi di Google Play,https://play.google.com/store/apps/details?id=com.selabs.speak&hl=id,"Dengan bantuan teknologi AI canggih, Speak memastikan kamu bisa fasih dalam percakapan di kehidupan nyata. Kamu juga akan menerima umpan balik secara instan.",4,4.7,100235
Belajar Bahasa Inggris Anak - Aplikasi di Google Play,https://play.google.com/store/apps/details?id=com.sekar.belajarbahasainggris&hl=id,"Aplikasinya cukup menarik. Anak bisa belajar vocabulary benda, beserta cara pengucapannya. Ada game dan quiznya juga membuat anak lebih have fun. 72 orang ...",5,3.7,3165
Belajar bahasa Inggris - Aplikasi di Google Play,https://play.google.com/store/apps/details?id=com.bravolang.english&hl=id,"Berbicara Bahasa Inggris dengan percaya diri! Aplikasi â€œBelajar Bahasa Inggrisâ€ ini memiliki banyak ungkapan dan kata Bahasa Inggris (mis., â€œTerima kasih!â€, â€œ ...",6,4.7,103436
Xeropan: Belajar bahasa - Aplikasi di Google Play,https://play.google.com/store/apps/details?id=com.application.xeropan&hl=id,"Xeropan memiliki konten pembelajaran lebih dari 5 TAHUN. Tingkatkan semua keterampilan bahasa Inggris, Spanyol, Perancis, atau Jerman-mu di setiap level.",7,4.6,76377
Chatterbug: Language Learning - Aplikasi di ...,https://play.google.com/store/apps/details?id=com.chatterbug.chatterstreams&hl=id,"Apakah Anda mencari aplikasi pembelajaran bahasa yang memungkinkan Anda belajar bahasa Spanyol, Jerman, Inggris, dan Prancis tanpa biaya?",8,4.7,9213
Belajar Inggris â€“ Studycat - Aplikasi di Google Play,https://play.google.com/store/apps/details?id=com.pumkin.fun&hl=id,"Dari pencipta Studycat untuk Sekolah yang telah meraih berbagai penghargaan, hadir Belajar Inggris! Cara #1 untuk anak-anak belajar English!",9,4.5,20671
Promova Belajar Bahasa Inggris - Aplikasi di Google Play,https://play.google.com/store/apps/details?id=com.appsci.tenwords&hl=id,"Capai tujuan belajar bahasa dan pendidikan Anda dengan Promova! Dapatkan kosakata kehidupan nyata, ilustrasi menarik, pelajaran singkat, kuis, latihan ...",10,4.4,203517
LINGGO: Language Learning - Aplikasi di Google Play,https://play.google.com/store/apps/details?id=com.linggo&hl=id,LING-GO Language Center (LLC â€“ My Class) LLC â€“ My Class menawarkan kursus bahasa Inggris yang komprehensif untuk pelajar segala usia.,1,,
Belajar bahasa Indonesia - Aplikasi di Google Play,https://play.google.com/store/apps/details?id=com.bravolang.indonesian&hl=id,â€œBelajar bahasa Indonesiaâ€ mengandungi lebih daripada 800 frasa dan kosa kata bahasa Indonesia yang biasa digunakan untuk pengembara dan pemula.,2,4.2,1031
Belajar bahasa Inggris - Aplikasi di Google Play,https://play.google.com/store/apps/details?id=com.bravolang.english&hl=id,"Berbicara Bahasa Inggris dengan percaya diri! Aplikasi â€œBelajar Bahasa Inggrisâ€ ini memiliki banyak ungkapan dan kata Bahasa Inggris (mis., â€œTerima kasih!â€, â€œ ...",3,4.7,103436
Belajar Bahasa Inggris Mudah - Aplikasi di Google Play,https://play.google.com/store/apps/details?id=belajar.bahasa.inggris.language.learn&hl=id,"Fitur Utama: Belajar dari nol: Mulai dengan kosakata dasar, tata bahasa sederhana, dan percakapan sehari-hari. Struktur pembelajaran yang jelas: Ikuti langkah- ...",4,,
Belajar Bahasa Inggris Pemula - Aplikasi di Google Play,https://play.google.com/store/apps/details?id=com.funbox.englishkid&hl=id,Metode interaktif untuk kosakata bahasa inggris dan frasa bahasa inggris. Cocok untuk anak dan pemula yang ingin berbicara bahasa inggris. Antarmuka ramah anak ...,5,4.6,45472
Ling - Belajar Bahasa Thailand - Aplikasi di Google Play,https://play.google.com/store/apps/details?id=com.simyasolutions.ling&hl=id,"Ling memberi Anda semua alat yang Anda butuhkan untuk mempelajari Bahasa Thailand seperti penutur asli, dari dasar hingga ke tahap advanced. Yang terbaik dari ...",6,4.6,18013
Pelajari bahasa terkenal - Aplikasi di Google Play,https://play.google.com/store/apps/details?id=com.ma.ldlang.mostwidelyspoken&hl=id,Belajar bahasa Top aplikasi SMART adalah bahasa yang komprehensif aplikasi belajar. Hal ini dirancang dari pemula sampai tingkat ahli.,7,,
Beelinguapp: Bahasa Inggris - Aplikasi di Google Play,https://play.google.com/store/apps/details?id=com.david.android.languageswitch&hl=id,"""Naucz siÄ™ jÄ™zykÃ³w, czytajÄ…c treÅ›ci, ktÃ³rÄ… kochasz naszÄ… metodÄ… rÃ³wnolegÅ‚ego tekstu ukierunkowanego na kaÅ¼dy poziom doÅ›wiadczenia - od poczÄ…tkujÄ…cego do ...",8,4.2,79621
Pelajari 100 Bahasa - Aplikasi di Google Play,https://play.google.com/store/apps/details?id=hosy.learnNewLanguage&hl=id,"Aplikasi ini akan membantu Anda mempelajari cara membaca, menulis, dan melafalkan kata dan frasa. Anda dapat mempelajari satu atau lebih dari 100 bahasa, ...",9,4.4,1683
Beelinguapp: Bahasa Inggris - Aplikasi di Google Play,https://play.google.com/store/apps/details?id=com.david.android.languageswitch&hl=id,"""Naucz siÄ™ jÄ™zykÃ³w, czytajÄ…c treÅ›ci, ktÃ³rÄ… kochasz naszÄ… metodÄ… rÃ³wnolegÅ‚ego tekstu ukierunkowanego na kaÅ¼dy poziom doÅ›wiadczenia - od poczÄ…tkujÄ…cego do ...",1,4.2,79621
